{
    "boardName": "BW1098OBC",
    "boardRev": "R0M0E0",
    "cameraData": [
        [
            1,
            {
                "cameraType": 0,
                "distortionCoeff": [
                    9.43198299407959,
                    42.345340728759766,
                    0.0007116691558621824,
                    -8.005238487385213e-05,
                    104.69677734375,
                    9.53309154510498,
                    40.01633071899414,
                    109.38067626953125,
                    0.0,
                    0.0,
                    0.0,
                    0.0,
                    0.0,
                    0.0
                ],
                "extrinsics": {
                    "rotationMatrix": [
                        [
                            0.9997760653495789,
                            -0.016559448093175888,
                            0.013176750391721725
                        ],
                        [
                            0.016594208776950836,
                            0.999859094619751,
                            -0.0025330958887934685
                        ],
                        [
                            -0.013132946565747261,
                            0.002751186490058899,
                            0.9999099969863892
                        ]
                    ],
                    "specTranslation": {
                        "x": -7.5,
                        "y": 0.0,
                        "z": 0.0
                    },
                    "toCameraSocket": 2,
                    "translation": {
                        "x": -7.54996395111084,
                        "y": -0.11714527010917664,
                        "z": 0.05010025575757027
                    }
                },
                "height": 800,
                "intrinsicMatrix": [
                    [
                        860.689453125,
                        0.0,
                        644.0927734375
                    ],
                    [
                        0.0,
                        860.4107666015625,
                        398.366455078125
                    ],
                    [
                        0.0,
                        0.0,
                        1.0
                    ]
                ],
                "lensPosition": 0,
                "specHfovDeg": 71.86000061035156,
                "width": 1280
            }
        ],
        [
            2,
            {
                "cameraType": 0,
                "distortionCoeff": [
                    18.93490982055664,
                    89.96340942382813,
                    0.0039333379827439785,
                    -0.0011441808892413974,
                    -33.38640594482422,
                    19.05514907836914,
                    86.66483306884766,
                    -25.549654006958008,
                    0.0,
                    0.0,
                    0.0,
                    0.0,
                    0.0,
                    0.0
                ],
                "extrinsics": {
                    "rotationMatrix": [
                        [
                            0.9999036192893982,
                            0.012588816694915295,
                            -0.0058486019261181355
                        ],
                        [
                            -0.012819220311939716,
                            0.9990692138671875,
                            -0.0411868542432785
                        ],
                        [
                            0.0053246645256876945,
                            0.04125785827636719,
                            0.9991343021392822
                        ]
                    ],
                    "specTranslation": {
                        "x": 3.75,
                        "y": 0.0,
                        "z": 0.0
                    },
                    "toCameraSocket": 0,
                    "translation": {
                        "x": 3.7114696502685547,
                        "y": 0.07184947282075882,
                        "z": 0.0590035580098629
                    }
                },
                "height": 800,
                "intrinsicMatrix": [
                    [
                        854.5953979492188,
                        0.0,
                        645.6983642578125
                    ],
                    [
                        0.0,
                        855.1361083984375,
                        407.83514404296875
                    ],
                    [
                        0.0,
                        0.0,
                        1.0
                    ]
                ],
                "lensPosition": 0,
                "specHfovDeg": 71.86000061035156,
                "width": 1280
            }
        ],
        [
            0,
            {
                "cameraType": 0,
                "distortionCoeff": [
                    -2.129678249359131,
                    33.296878814697266,
                    0.001835061702877283,
                    0.001448734779842198,
                    10.999261856079102,
                    -2.4126691818237305,
                    34.80989074707031,
                    7.617056369781494,
                    0.0,
                    0.0,
                    0.0,
                    0.0,
                    0.0,
                    0.0
                ],
                "extrinsics": {
                    "rotationMatrix": [],
                    "specTranslation": {
                        "x": 0.0,
                        "y": 0.0,
                        "z": 0.0
                    },
                    "toCameraSocket": -1,
                    "translation": {
                        "x": 0.0,
                        "y": 0.0,
                        "z": 0.0
                    }
                },
                "height": 1080,
                "intrinsicMatrix": [
                    [
                        1490.3614501953125,
                        0.0,
                        960.3424682617188
                    ],
                    [
                        0.0,
                        1488.475830078125,
                        527.9588012695313
                    ],
                    [
                        0.0,
                        0.0,
                        1.0
                    ]
                ],
                "lensPosition": 135,
                "specHfovDeg": 68.7938003540039,
                "width": 1920
            }
        ]
    ],
    "imuExtrinsics": {
        "rotationMatrix": [],
        "specTranslation": {
            "x": 0.0,
            "y": 0.0,
            "z": 0.0
        },
        "toCameraSocket": -1,
        "translation": {
            "x": 0.0,
            "y": 0.0,
            "z": 0.0
        }
    },
    "miscellaneousData": [],
    "stereoRectificationData": {
        "leftCameraSocket": 1,
        "rectifiedRotationLeft": [
            [
                0.9999783039093018,
                -0.0010637353407219052,
                0.006501290947198868
            ],
            [
                0.0010724760359153152,
                0.9999985098838806,
                -0.0013411256950348616
            ],
            [
                -0.006499854847788811,
                0.0013480690540745854,
                0.9999779462814331
            ]
        ],
        "rectifiedRotationRight": [
            [
                0.9998576641082764,
                0.015513795427978039,
                -0.006634882651269436
            ],
            [
                -0.015504859387874603,
                0.9998788237571716,
                0.0013960925862193108
            ],
            [
                0.006655737292021513,
                -0.0012930210214108229,
                0.9999769926071167
            ]
        ],
        "rightCameraSocket": 2
    },